Symbol,Price~,Type,Strike,Expires,DTE,"Bid x Size","Ask x Size",Trade,Size,Side,Premium,Volume,"Open Int",IV,Delta,Code,*,Time,"Exp Type"
NOK,13.94,Put,17,2026-07-17T16:30:00-05:00,31,"3.35 x 5","3.45 x 35",3.45,7608,ask,2624700,10007,10509,78.02%,-0.7753568319,AUTO,N/A,"11:22:27 ET",M
NOK,13.95,Put,15,2026-07-17T16:30:00-05:00,31,"1.86 x 48","1.93 x 3010",1.93,8428,ask,1626600,10083,15184,78.98%,-0.5763243827,AUTO,N/A,"11:26:57 ET",M
NOK,14.485,Call,32,2027-12-17T16:30:00-06:00,549,"2.72 x 122","2.96 x 590",2.72,4125,bid,1122000,4172,319,83.86%,0.41034190623884,AUTO,SellToOpen,"09:59:42 ET",M
NOK,14.37,Call,20,2028-01-21T16:30:00-06:00,584,"4.30 x 16","4.50 x 825",4.4,2500,mid,1100000,2568,24132,81.57%,0.58735739113178,AUTO,N/A,"09:39:04 ET",M
NOK,13.805,Put,13,2026-08-21T16:30:00-05:00,66,"1.39 x 2","1.42 x 512",1.39,6000,bid,834000,6045,3589,79.77%,-0.3595392432,SLCN,SellToOpen,"13:17:58 ET",M
NOK,13.81,Call,18,2026-09-18T16:30:00-05:00,94,"1.07 x 175","1.12 x 217",1.1,5000,mid,550000,7237,31483,83.64%,0.34545209341363,MLET,N/A,"12:54:14 ET",M
NOK,13.951,Put,16,2026-07-17T16:30:00-05:00,31,"2.65 x 164","2.66 x 223",2.65,1891,bid,501100,10181,12345,79.58%,-0.6805293285,AUTO,N/A,"11:29:33 ET",M
NOK,13.951,Put,16,2026-07-17T16:30:00-05:00,31,"2.55 x 216","2.65 x 2004",2.65,1710,ask,453100,10181,12345,79.58%,-0.6805293285,ISOI,N/A,"11:30:18 ET",M
NOK,14.04,Call,13,2026-07-17T16:30:00-05:00,31,"1.67 x 68","1.92 x 2",1.73,2250,mid,389200,5051,12856,81.78%,0.67389878879381,AUTO,N/A,"14:30:03 ET",M
NOK,13.95,Call,16,2027-01-15T16:30:00-06:00,213,"2.70 x 110","2.71 x 25",2.7,1215,bid,328000,1916,16202,80.40%,0.54136742962931,AUTO,N/A,"11:26:51 ET",M
NOK,13.94,Put,17,2026-07-17T16:30:00-05:00,31,"3.40 x 42","3.50 x 1000",3.5,902,ask,315700,10007,10509,78.02%,-0.7753568319,AUTO,N/A,"11:22:33 ET",M
NOK,13.95,Call,17,2026-10-16T16:30:00-05:00,122,"1.58 x 196","1.70 x 636",1.62,1699,mid,275200,2001,10722,81.43%,0.43312253201564,SLAN,N/A,"11:26:48 ET",M
NOK,13.81,Call,23,2026-09-18T16:30:00-05:00,94,"0.52 x 189","0.57 x 503",0.53,5000,mid,265000,5011,5318,90.03%,0.19097150529917,MLET,N/A,"12:54:14 ET",M
NOK,14.485,Call,21,2027-01-15T16:30:00-06:00,213,"1.94 x 340","1.95 x 1166",1.94,1166,bid,226200,4221,11421,83.36%,0.40377660526455,AUTO,N/A,"10:01:43 ET",M
NOK,13.95,Put,15,2026-07-17T16:30:00-05:00,31,"1.96 x 71","1.96 x 63",1.96,1043,ask,204400,10083,15184,78.98%,-0.5763243827,AUTO,N/A,"11:27:01 ET",M
NOK,13.94,Put,17,2026-07-17T16:30:00-05:00,31,"3.35 x 104","3.45 x 1134",3.39,600,mid,203400,10007,10509,78.02%,-0.7753568319,SLAN,N/A,"11:22:27 ET",M
NOK,13.951,Put,16,2026-07-17T16:30:00-05:00,31,"2.55 x 198","2.65 x 295",2.65,763,ask,202100,10181,12345,79.58%,-0.6805293285,ISOI,N/A,"11:30:21 ET",M
NOK,13.975,Call,14,2026-06-18T16:30:00-05:00,2,"0.36 x 73","0.39 x 56",0.4,5000,ask,200000,27343,75419,95.99%,0.5049471663221,MLFT,N/A,"14:53:54 ET",M
NOK,13.95,Call,15,2027-06-17T16:30:00-05:00,366,"4.00 x 10","4.15 x 828",4.02,497,mid,199700,1174,22559,79.05%,0.62794705166751,SLAN,N/A,"11:26:48 ET",M
NOK,13.975,Call,14,2026-06-18T16:30:00-05:00,2,"0.36 x 73","0.39 x 56",0.39,5000,ask,195000,27343,75419,95.99%,0.5049471663221,MLFT,N/A,"14:53:54 ET",M
NOK,13.951,Put,16,2026-07-17T16:30:00-05:00,31,"2.65 x 10","2.66 x 11",2.65,691,bid,183100,10181,12345,79.58%,-0.6805293285,AUTO,N/A,"11:29:36 ET",M
NOK,13.951,Put,16,2026-07-17T16:30:00-05:00,31,"2.55 x 277","2.65 x 14",2.65,670,ask,177500,10181,12345,79.58%,-0.6805293285,AUTO,N/A,"11:29:42 ET",M
NOK,13.995,Call,15,2026-07-17T16:30:00-05:00,31,"0.89 x 987","0.90 x 10",0.89,1987,bid,176800,13276,82619,78.87%,0.42963079560088,AUTO,N/A,"14:37:39 ET",M
NOK,13.89,Call,13,2026-07-17T16:30:00-05:00,31,"1.71 x 35","1.73 x 388",1.73,1014,ask,175400,2710,12856,76.72%,0.661753467376,AUTO,N/A,"12:05:47 ET",M
NOK,13.951,Put,16,2026-07-17T16:30:00-05:00,31,"2.55 x 54","2.69 x 544",2.65,647,mid,171400,10181,12345,79.58%,-0.6805293285,AUTO,N/A,"11:29:30 ET",M
NOK,14.485,Call,21,2027-01-15T16:30:00-06:00,213,"1.94 x 495","2.02 x 510",1.94,856,bid,166000,4221,11421,83.36%,0.40377660526455,AUTO,N/A,"10:01:51 ET",M
NOK,14.485,Call,21,2027-01-15T16:30:00-06:00,213,"1.94 x 190","1.95 x 763",1.94,810,bid,157100,4221,11421,83.36%,0.40377660526455,AUTO,N/A,"10:01:43 ET",M
NOK,13.95,Call,14,2026-09-18T16:30:00-05:00,94,"2.12 x 108","2.26 x 690",2.26,693,ask,156600,1767,18297,78.21%,0.58077464609439,AUTO,N/A,"11:26:50 ET",M
NOK,13.951,Put,16,2026-07-17T16:30:00-05:00,31,"2.55 x 218","2.66 x 441",2.65,565,mid,149700,10181,12345,79.58%,-0.6805293285,AUTO,N/A,"11:30:15 ET",M
NOK,13.89,Call,13,2026-07-17T16:30:00-05:00,31,"1.71 x 38","1.73 x 1442",1.73,862,ask,149100,2710,12856,76.72%,0.661753467376,ISOI,N/A,"12:05:41 ET",M
NOK,13.951,Put,16,2026-07-17T16:30:00-05:00,31,"2.65 x 104","2.66 x 12",2.65,548,bid,145200,10181,12345,79.58%,-0.6805293285,AUTO,N/A,"11:29:45 ET",M
NOK,14.485,Call,21,2027-01-15T16:30:00-06:00,213,"1.94 x 382","2.02 x 515",1.94,747,bid,144900,4221,11421,83.36%,0.40377660526455,AUTO,N/A,"10:01:52 ET",M
NOK,13.951,Put,16,2026-07-17T16:30:00-05:00,31,"2.64 x 39","2.65 x 26",2.65,538,ask,142500,10181,12345,79.58%,-0.6805293285,AUTO,N/A,"11:29:42 ET",M
NOK,13.875,Call,8,2026-06-18T16:30:00-05:00,2,"5.75 x 1091","6.05 x 763",5.93,240,mid,142300,250,11964,371.14%,0.98385743334403,MLAT,N/A,"12:47:11 ET",M
NOK,13.951,Put,16,2026-07-17T16:30:00-05:00,31,"2.55 x 229","2.65 x 125",2.65,523,ask,138500,10181,12345,79.58%,-0.6805293285,AUTO,N/A,"11:29:39 ET",M
NOK,13.955,Put,11,2026-10-16T16:30:00-05:00,122,"0.90 x 575","0.98 x 857",0.92,1500,mid,138000,1502,1940,75.36%,-0.2166056169,SLCN,N/A,"15:10:35 ET",M
NOK,14.165,Call,14,2026-10-16T16:30:00-05:00,122,"2.68 x 12","2.76 x 533",2.69,500,mid,134500,510,8170,80.31%,0.60743698604755,SLAN,N/A,"10:19:47 ET",M
NOK,14.065,Call,14,2026-07-17T16:30:00-05:00,31,"1.29 x 59","1.38 x 1551",1.34,1000,mid,134000,2916,31637,77.87%,0.55698507136318,SLAN,N/A,"15:31:47 ET",M
NOK,14.01,Call,10,2027-01-15T16:30:00-06:00,213,"5.25 x 680","5.35 x 456",5.25,253,bid,132800,443,72767,77.60%,0.80999636892561,AUTO,N/A,"11:10:04 ET",M
NOK,13.875,Call,8.5,2026-06-18T16:30:00-05:00,2,"5.30 x 45","5.60 x 44",5.44,240,mid,130500,240,6,410.79%,0.96108996219785,MLAT,ToOpen,"12:47:11 ET",M
NOK,14.065,Put,14,2026-07-17T16:30:00-05:00,31,"1.16 x 495","1.22 x 73",1.22,1000,ask,122000,2557,21311,76.39%,-0.4438834191,SLAN,N/A,"15:31:03 ET",M
NOK,13.95,Call,15,2026-10-16T16:30:00-05:00,122,"2.15 x 872","2.25 x 560",2.16,563,mid,121600,1055,20236,79.65%,0.5352995634133,SLAN,N/A,"11:26:48 ET",M
NOK,13.83,Call,10,2027-06-17T16:30:00-05:00,366,"5.90 x 232","5.95 x 200",5.95,200,ask,119000,428,22611,77.46%,0.79361846625673,AUTO,N/A,"12:29:20 ET",M
NOK,13.805,Call,8,2026-06-18T16:30:00-05:00,2,"5.75 x 352","6.00 x 861",5.9,200,mid,118000,450,11964,444.34%,0.9658518737534,MLAT,N/A,"13:08:07 ET",M
NOK,13.8598,Call,20,2027-01-15T16:30:00-06:00,213,"1.85 x 217","1.87 x 36",1.85,629,bid,116300,9833,117632,83.05%,0.40509759056362,AUTO,N/A,"12:14:40 ET",M
NOK,14.005,Call,15,2026-12-18T16:30:00-06:00,185,"2.80 x 199","2.88 x 1780",2.88,386,ask,111100,889,26823,80.29%,0.57317886177765,AUTO,N/A,"14:51:39 ET",M
NOK,14.37,Call,30,2027-01-15T16:30:00-06:00,213,"1.10 x 1000","1.10 x 10",1.1,1000,ask,110000,1044,95821,91.92%,0.24912414325822,AUTO,N/A,"09:39:03 ET",M
NOK,14.045,Call,15,2027-06-17T16:30:00-05:00,366,"4.10 x 2","4.10 x 264",4.1,264,ask,108200,581,22559,78.86%,0.63079352815282,AUTO,N/A,"10:31:44 ET",M
NOK,13.805,Call,8.5,2026-06-18T16:30:00-05:00,2,"5.25 x 55","5.60 x 367",5.4,200,mid,108000,440,6,453.09%,0.94670632634734,MLAT,N/A,"13:08:07 ET",M
NOK,14.3768,Call,30,2027-01-15T16:30:00-06:00,213,"1.03 x 1000","1.05 x 2",1.03,1000,bid,103000,2686,95821,89.83%,0.23940736083443,AUTO,N/A,"10:12:28 ET",M
NOK,14.165,Call,30,2027-01-15T16:30:00-06:00,213,"0.98 x 6","1.04 x 524",1.02,1000,mid,102000,3747,95821,90.14%,0.23419435285563,SLAN,N/A,"10:17:33 ET",M
NOK,14.6,Call,30,2027-06-17T16:30:00-05:00,366,"2.06 x 492","2.21 x 606",2.06,492,bid,101300,672,5652,87.97%,0.36254455513267,AUTO,N/A,"09:59:04 ET",M
NOK,13.95,Call,14,2026-10-16T16:30:00-05:00,122,"2.50 x 57","2.60 x 521",2.53,400,mid,101100,1463,8170,78.86%,0.5931670481181,SLAN,N/A,"11:26:48 ET",M
NOK,14.37,Call,13,2026-12-18T16:30:00-06:00,185,"3.90 x 10","3.90 x 250",3.9,250,ask,97500,250,4528,81.55%,0.6842351311459,AUTO,N/A,"09:37:28 ET",M
NOK,13.94,Call,20,2027-01-15T16:30:00-06:00,213,"1.91 x 500","1.92 x 6",1.91,498,bid,95100,6965,117632,83.71%,0.4112749267072,AUTO,N/A,"11:22:45 ET",M
NOK,14.52,Call,18,2026-09-18T16:30:00-05:00,94,"1.35 x 509","1.40 x 402",1.4,673,ask,94200,1287,31483,85.00%,0.39431469057982,AUTO,N/A,"09:46:59 ET",M
NOK,13.82,Call,15,2026-09-18T16:30:00-05:00,94,"1.82 x 2","1.84 x 1253",1.84,471,ask,86600,3025,58484,81.02%,0.50817287579428,AUTO,N/A,"13:11:22 ET",M
NOK,14.135,Call,15,2027-01-15T16:30:00-06:00,213,"3.05 x 365","3.10 x 275",3.1,275,ask,85200,1474,57841,78.77%,0.58791884098959,AUTO,N/A,"10:37:16 ET",M
NOK,13.975,Call,15,2026-09-18T16:30:00-05:00,94,"1.93 x 438","1.94 x 50",1.93,438,bid,84500,4079,58484,81.55%,0.51995364843513,AUTO,N/A,"15:59:27 ET",M
NOK,13.875,Call,18,2026-09-18T16:30:00-05:00,94,"1.09 x 73","1.13 x 830",1.12,750,mid,84000,10493,31483,83.35%,0.34849468080013,MLET,N/A,"13:55:58 ET",M
NOK,14.3768,Call,20,2027-12-17T16:30:00-06:00,549,"4.15 x 200","4.30 x 910",4.15,200,bid,83000,260,6349,80.13%,0.57217069121282,AUTO,N/A,"10:08:45 ET",M
NOK,13.8899,Call,15,2027-06-17T16:30:00-05:00,366,"4.00 x 11","4.10 x 662",4,200,bid,80000,1409,22559,79.79%,0.62744696898826,SLFT,N/A,"11:41:26 ET",M
NOK,13.94,Put,17,2026-07-17T16:30:00-05:00,31,"3.35 x 104","3.45 x 586",3.44,212,mid,72900,10007,10509,78.02%,-0.7753568319,AUTO,N/A,"11:22:27 ET",M
NOK,13.96,Call,12,2026-12-18T16:30:00-06:00,185,"4.00 x 84","4.05 x 111",4.05,180,ask,72900,180,7726,79.06%,0.71444893285559,AUTO,N/A,"10:52:47 ET",M
NOK,13.951,Put,16,2026-07-17T16:30:00-05:00,31,"2.55 x 235","2.67 x 951",2.65,267,mid,70700,10181,12345,79.58%,-0.6805293285,AUTO,N/A,"11:30:06 ET",M
NOK,13.95,Call,17,2027-06-17T16:30:00-05:00,366,"3.50 x 16","3.60 x 649",3.51,200,mid,70200,423,7060,79.95%,0.57023154523354,SLAN,N/A,"11:26:48 ET",M
NOK,14.165,Put,13,2026-12-18T16:30:00-06:00,185,"2.31 x 296","2.32 x 91",2.31,296,bid,68300,1444,12045,77.84%,-0.3248156642,AUTO,N/A,"10:17:17 ET",M
NOK,14.44,Call,18,2026-09-18T16:30:00-05:00,94,"1.34 x 1500","1.41 x 250",1.34,500,bid,67000,586,31483,85.40%,0.39068243043111,AUTO,N/A,"09:43:25 ET",M
NOK,14.65,Call,20,2027-06-17T16:30:00-05:00,366,"3.35 x 14","3.35 x 200",3.35,200,ask,67000,337,22595,83.51%,0.52797016679263,AUTO,N/A,"09:53:25 ET",M
NOK,14.01,Call,14,2026-06-18T16:30:00-05:00,2,"0.40 x 81","0.42 x 49",0.43,1547,ask,66500,5456,75419,98.91%,0.51927452663629,SLAN,N/A,"11:09:22 ET",M
NOK,13.8607,Call,15,2026-10-16T16:30:00-05:00,122,"2.11 x 528","2.19 x 650",2.18,300,mid,65400,1696,20236,80.05%,0.53050361421585,SLAN,N/A,"12:18:52 ET",M
NOK,13.89,Call,13,2026-07-17T16:30:00-05:00,31,"1.72 x 2136","1.73 x 374",1.73,374,ask,64700,2710,12856,76.72%,0.661753467376,AUTO,N/A,"12:06:07 ET",M
NOK,14.45,Call,20,2027-01-15T16:30:00-06:00,213,"2.15 x 300","2.15 x 146",2.15,300,ask,64500,2012,117632,83.21%,0.43149301576013,AUTO,N/A,"10:05:30 ET",M
NOK,13.83,Call,12,2026-06-18T16:30:00-05:00,2,"1.92 x 92","2.02 x 417",1.92,333,bid,63900,580,26687,171.71%,0.88124987883753,MESL,N/A,"12:28:50 ET",M
NOK,14.21,Call,20,2027-06-17T16:30:00-05:00,366,"3.00 x 672","3.15 x 1150",3.06,200,mid,61200,769,22595,81.84%,0.50699384980507,SLAN,N/A,"10:14:37 ET",M
NOK,13.95,Call,18,2026-08-21T16:30:00-05:00,66,"0.80 x 1941","0.86 x 269",0.8,754,bid,60300,1510,20329,85.50%,0.30612399469947,AUTO,N/A,"11:26:49 ET",M
NOK,14.3768,Call,18,2026-09-18T16:30:00-05:00,94,"1.31 x 450","1.31 x 10",1.31,450,ask,58900,1772,31483,83.05%,0.3791057468913,AUTO,N/A,"10:11:11 ET",M
NOK,13.94,Call,20,2027-01-15T16:30:00-06:00,213,"1.89 x 11","1.92 x 191",1.92,297,ask,57000,6965,117632,83.71%,0.4112749267072,AUTO,N/A,"11:23:29 ET",M
NOK,13.935,Call,20,2026-08-21T16:30:00-05:00,66,"0.56 x 465","0.60 x 94",0.57,1000,mid,57000,2608,25133,88.78%,0.22473782654711,SLAN,N/A,"11:53:52 ET",M
NOK,13.9268,Call,15,2027-01-15T16:30:00-06:00,213,"3.00 x 16","3.05 x 157",3,190,bid,57000,1959,57841,79.91%,0.58048333010406,SLAN,N/A,"10:59:37 ET",M
NOK,14.091,Call,15,2026-09-18T16:30:00-05:00,94,"1.90 x 11890","1.91 x 39",1.9,300,bid,57000,1120,58484,79.59%,0.52461811193889,AUTO,N/A,"10:33:36 ET",M
NOK,13.8607,Call,15,2026-10-16T16:30:00-05:00,122,"2.11 x 552","2.19 x 572",2.19,255,ask,55800,1696,20236,80.05%,0.53050361421585,SLAN,N/A,"12:20:21 ET",M
NOK,14.0482,Call,15,2026-07-17T16:30:00-05:00,31,"0.88 x 205","0.94 x 522",0.92,594,mid,54600,13947,82619,80.23%,0.43874427476948,SLAN,N/A,"14:42:04 ET",M
NOK,13.95,Call,14,2026-09-18T16:30:00-05:00,94,"2.21 x 58","2.29 x 514",2.26,240,mid,54200,1767,18297,78.21%,0.58077464609439,AUTO,N/A,"11:26:47 ET",M
NOK,13.95,Call,14,2026-09-18T16:30:00-05:00,94,"2.23 x 1","2.29 x 514",2.26,240,mid,54200,1767,18297,78.21%,0.58077464609439,AUTO,N/A,"11:26:16 ET",M
NOK,14,Call,15,2026-07-17T16:30:00-05:00,31,"0.90 x 109","0.91 x 5",0.9,600,bid,54000,14929,82619,79.98%,0.43246426742935,SLAN,N/A,"15:39:32 ET",M
NOK,13.951,Put,16,2026-07-17T16:30:00-05:00,31,"2.65 x 267","2.67 x 456",2.65,200,bid,53000,10181,12345,79.58%,-0.6805293285,AUTO,N/A,"11:30:03 ET",M
NOK,14.6,Put,13,2026-12-18T16:30:00-06:00,185,"2.20 x 200","2.24 x 503",2.2,226,bid,49700,1043,12045,78.46%,-0.305179474,AUTO,N/A,"09:55:15 ET",M
NOK,14.165,Call,15,2026-07-17T16:30:00-05:00,31,"0.96 x 53","0.97 x 33",0.97,500,ask,48500,4241,82619,77.65%,0.44817675122576,SLAN,N/A,"10:17:34 ET",M
NOK,13.8,Call,18,2026-09-18T16:30:00-05:00,94,"1.06 x 156","1.11 x 194",1.09,444,mid,48300,8276,31483,83.00%,0.34248879091502,SLAN,N/A,"13:26:50 ET",M
NOK,13.8,Call,18,2026-09-18T16:30:00-05:00,94,"1.05 x 298","1.11 x 181",1.06,444,mid,47000,8276,31483,83.00%,0.34248879091502,SLAN,N/A,"13:26:47 ET",M
NOK,13.875,Call,18,2026-09-18T16:30:00-05:00,94,"1.11 x 75","1.13 x 74",1.11,424,bid,47000,10493,31483,83.35%,0.34849468080013,MLET,N/A,"13:55:57 ET",M
NOK,14.65,Call,20,2026-09-18T16:30:00-05:00,94,"1.05 x 492","1.11 x 130",1.08,431,mid,46500,812,48070,87.78%,0.32205684426892,AUTO,N/A,"09:53:36 ET",M
NOK,14.6,Put,13,2026-12-18T16:30:00-06:00,185,"2.17 x 492","2.24 x 504",2.2,200,mid,44000,1043,12045,78.46%,-0.305179474,AUTO,N/A,"09:55:19 ET",M
NOK,14.6,Put,13,2026-12-18T16:30:00-06:00,185,"2.20 x 200","2.24 x 503",2.2,200,bid,44000,1043,12045,78.46%,-0.305179474,AUTO,N/A,"09:55:17 ET",M
NOK,14.6,Put,13,2026-12-18T16:30:00-06:00,185,"2.20 x 200","2.24 x 503",2.2,200,bid,44000,1043,12045,78.46%,-0.305179474,AUTO,N/A,"09:55:18 ET",M
NOK,14.6,Put,13,2026-12-18T16:30:00-06:00,185,"2.20 x 200","2.24 x 504",2.2,200,bid,44000,1043,12045,78.46%,-0.305179474,AUTO,N/A,"09:55:18 ET",M
NOK,14.04,Call,14,2026-06-18T16:30:00-05:00,2,"0.32 x 136","0.33 x 260",0.33,1260,ask,41500,16105,75419,92.68%,0.5310871720042,AUTO,N/A,"14:30:03 ET",M
NOK,14.37,Call,16,2026-09-18T16:30:00-05:00,94,"1.85 x 31","1.89 x 12",1.87,222,mid,41500,400,31517,83.81%,0.48967095543034,SLAN,N/A,"09:35:10 ET",M
NOK,13.89,Call,18,2026-12-18T16:30:00-06:00,185,"2.00 x 146","2.07 x 236",2.05,200,mid,40900,233,6800,82.88%,0.45026757816138,SLAN,N/A,"12:05:03 ET",M
NOK,14.045,Call,20,2026-09-18T16:30:00-05:00,94,"0.85 x 11","0.90 x 165",0.88,454,mid,39900,2330,48070,85.72%,0.2807175328132,AUTO,N/A,"10:47:05 ET",M
NOK,14.01,Call,20,2027-01-15T16:30:00-06:00,213,"1.90 x 5","1.93 x 13",1.93,200,ask,38600,4973,117632,83.01%,0.41156821998548,SLAN,N/A,"11:11:44 ET",M
NOK,14.37,Call,16,2026-07-17T16:30:00-05:00,31,"0.75 x 126","0.77 x 496",0.77,496,ask,38100,970,36900,82.80%,0.37619695564327,AUTO,N/A,"09:36:06 ET",M
NOK,13.825,Call,15,2026-07-17T16:30:00-05:00,31,"0.83 x 44","0.85 x 89",0.83,452,bid,37500,9410,82619,79.59%,0.41047325285374,AUTO,N/A,"12:35:26 ET",M
NOK,14.0482,Call,21,2026-09-18T16:30:00-05:00,94,"0.68 x 749","0.75 x 738",0.75,500,ask,37500,769,46469,85.50%,0.24352107335711,AUTO,N/A,"14:40:59 ET",M
NOK,14.4775,Call,15,2026-08-21T16:30:00-05:00,66,"1.90 x 5","1.93 x 126",1.93,193,ask,37200,497,36445,84.20%,0.53671114673723,AUTO,N/A,"09:32:02 ET",M
NOK,14.11,Call,15,2026-08-21T16:30:00-05:00,66,"1.61 x 1","1.62 x 225",1.62,225,ask,36400,1895,36445,81.57%,0.50386187019824,AUTO,N/A,"10:24:22 ET",M
NOK,13.805,Call,20,2027-01-15T16:30:00-06:00,213,"1.81 x 22","1.83 x 15",1.81,200,bid,36200,10730,117632,82.73%,0.40138966345421,AUTO,N/A,"13:17:58 ET",M
NOK,13.875,Call,18,2026-09-18T16:30:00-05:00,94,"1.11 x 75","1.13 x 73",1.13,320,ask,36100,10493,31483,83.35%,0.34849468080013,MLET,N/A,"13:55:57 ET",M
NOK,13.875,Call,25,2026-09-18T16:30:00-05:00,94,"0.41 x 30","0.42 x 150",0.41,860,bid,35200,3044,26392,91.52%,0.15343785241234,MLET,N/A,"13:55:57 ET",M
NOK,14.12,Call,17,2026-10-16T16:30:00-05:00,122,"1.71 x 8","1.76 x 231",1.75,200,mid,35000,274,10722,81.90%,0.44468315630425,SLAN,N/A,"10:42:47 ET",M
NOK,14.6,Call,13,2026-06-18T16:30:00-05:00,2,"1.70 x 14","1.71 x 200",1.71,200,ask,34200,445,16654,132.50%,0.89137711944516,AUTO,N/A,"09:55:57 ET",M
NOK,14.6,Call,13,2026-06-18T16:30:00-05:00,2,"1.67 x 10","1.68 x 200",1.68,200,ask,33600,445,16654,132.50%,0.89137711944516,AUTO,N/A,"09:57:05 ET",M
NOK,14.01,Call,14.5,2026-06-18T16:30:00-05:00,2,"0.22 x 1243","0.23 x 47",0.23,1440,ask,33100,6949,6832,99.72%,0.33471527106417,AUTO,N/A,"11:09:58 ET",M
NOK,14.1302,Put,14,2026-06-26T16:30:00-05:00,10,"0.65 x 1476","0.65 x 212",0.65,500,ask,32500,735,19993,78.44%,-0.4438892855,AUTO,N/A,"10:27:44 ET",W
NOK,13.975,Call,15,2026-08-21T16:30:00-05:00,66,"1.56 x 33","1.61 x 417",1.6,200,mid,32000,4741,36445,84.00%,0.49702700307409,AUTO,N/A,"15:59:06 ET",M
NOK,13.875,Call,15,2026-06-26T16:30:00-05:00,10,"0.31 x 370","0.33 x 10",0.32,1000,mid,32000,8682,12569,79.93%,0.30230494528225,AUTO,N/A,"13:52:59 ET",W
NOK,13.865,Call,14,2026-06-18T16:30:00-05:00,2,"0.33 x 281","0.33 x 959",0.33,959,ask,31600,9817,75419,96.75%,0.46116856283229,AUTO,N/A,"11:47:21 ET",M
NOK,13.875,Call,25,2026-09-18T16:30:00-05:00,94,"0.41 x 723","0.44 x 127",0.42,750,mid,31500,3044,26392,91.52%,0.15343785241234,MLET,N/A,"13:55:58 ET",M
NOK,13.875,Call,25,2026-09-18T16:30:00-05:00,94,"0.41 x 723","0.44 x 127",0.41,750,bid,30700,3044,26392,91.52%,0.15343785241234,MLET,N/A,"13:55:58 ET",M
NOK,13.875,Call,15,2026-07-17T16:30:00-05:00,31,"0.86 x 351","0.87 x 2",0.86,351,bid,30100,10789,82619,79.23%,0.41575469117766,AUTO,N/A,"13:54:58 ET",M
NOK,14.65,Put,14.5,2026-06-18T16:30:00-05:00,2,"0.39 x 1","0.40 x 724",0.4,724,ask,28900,1643,25747,95.65%,-0.4275469109,AUTO,N/A,"09:49:42 ET",M
NOK,14.01,Call,14.5,2026-06-18T16:30:00-05:00,2,"0.23 x 1250","0.24 x 37",0.23,1250,bid,28700,6949,6832,99.72%,0.33471527106417,AUTO,N/A,"11:10:17 ET",M
NOK,13.8607,Call,15,2026-08-21T16:30:00-05:00,66,"1.50 x 64","1.55 x 510",1.53,187,mid,28600,3373,36445,83.20%,0.48638971590556,SLAN,N/A,"12:20:06 ET",M
NOK,13.985,Call,17,2026-09-18T16:30:00-05:00,94,"1.38 x 1","1.41 x 16",1.39,200,mid,27800,1075,7192,83.85%,0.40834140980011,SLAN,N/A,"15:50:51 ET",M
NOK,13.865,Call,14,2026-06-18T16:30:00-05:00,2,"0.33 x 43","0.34 x 973",0.33,841,bid,27700,9817,75419,96.75%,0.46116856283229,ISOI,N/A,"11:47:21 ET",M
NOK,13.985,Call,17,2026-09-18T16:30:00-05:00,94,"1.38 x 1","1.41 x 34",1.4,192,mid,26800,1075,7192,83.85%,0.40834140980011,AUTO,N/A,"15:51:27 ET",M
NOK,13.875,Call,25,2026-09-18T16:30:00-05:00,94,"0.41 x 125","0.42 x 150",0.42,640,ask,26800,3044,26392,91.52%,0.15343785241234,MLET,N/A,"13:55:57 ET",M
NOK,13.8999,Call,14,2026-06-18T16:30:00-05:00,2,"0.35 x 227","0.36 x 11",0.36,736,ask,26400,11531,75419,97.65%,0.47561828645874,AUTO,N/A,"12:23:30 ET",M
NOK,13.9,Put,15,2026-06-18T16:30:00-05:00,2,"1.17 x 125","1.23 x 230",1.17,221,bid,25800,870,13045,98.94%,-0.84199496,AUTO,N/A,"11:49:58 ET",M
NOK,13.975,Call,14,2026-07-17T16:30:00-05:00,31,"1.24 x 188","1.26 x 200",1.26,200,ask,25200,3227,31637,78.16%,0.54595471254636,AUTO,N/A,"15:59:57 ET",M
NOK,14.005,Call,18,2026-09-18T16:30:00-05:00,94,"1.16 x 39","1.22 x 525",1.2,205,mid,24600,10946,31483,84.82%,0.36182720299272,MLET,N/A,"15:32:33 ET",M
NOK,14.12,Call,14.5,2026-06-26T16:30:00-05:00,10,"0.56 x 440","0.62 x 504",0.61,400,mid,24400,1348,2495,80.58%,0.44941888840577,SLAN,N/A,"10:43:37 ET",W
NOK,14.01,Call,15,2026-07-17T16:30:00-05:00,31,"0.85 x 100","0.88 x 73",0.88,269,ask,23600,7409,82619,78.15%,0.43002365490628,AUTO,N/A,"11:08:46 ET",M
NOK,13.94,Call,18,2026-09-18T16:30:00-05:00,94,"1.17 x 200","1.17 x 282",1.17,200,ask,23400,2160,31483,84.00%,0.35490961434602,AUTO,N/A,"11:22:19 ET",M
NOK,14.005,Put,12,2026-09-18T16:30:00-05:00,94,"1.09 x 223","1.16 x 541",1.12,205,mid,22900,364,11237,76.75%,-0.2716111832,MLET,N/A,"15:32:33 ET",M
NOK,13.9268,Call,14,2026-06-18T16:30:00-05:00,2,"0.38 x 5","0.40 x 497",0.38,600,bid,22800,2714,75419,99.37%,0.48701801774608,SLAN,N/A,"10:56:58 ET",M
NOK,13.7999,Call,18,2026-09-18T16:30:00-05:00,94,"1.06 x 47","1.09 x 107",1.06,202,bid,21400,8960,31483,83.00%,0.34248732815283,SLAN,N/A,"13:40:20 ET",M
NOK,14.02,Call,17,2026-08-21T16:30:00-05:00,66,"1.02 x 165","1.07 x 277",1.07,200,ask,21400,1835,7532,84.88%,0.36651841459024,SLAN,N/A,"14:33:38 ET",M
NOK,13.755,Call,18,2026-09-18T16:30:00-05:00,94,"1.06 x 178","1.08 x 41",1.06,192,bid,20300,8738,31483,83.60%,0.34183716081544,SLAN,N/A,"13:38:16 ET",M
NOK,13.775,Call,18,2026-09-18T16:30:00-05:00,94,"1.06 x 567","1.09 x 109",1.06,185,bid,19600,8516,31483,83.33%,0.34212514267519,SLAN,N/A,"13:35:59 ET",M
NOK,13.875,Call,16,2026-07-31T16:30:00-05:00,45,"0.98 x 200","1.12 x 979",0.98,200,bid,19600,226,79,86.65%,0.37976618616322,AUTO,SellToOpen,"12:48:27 ET",W
NOK,14.3768,Call,20,2026-09-18T16:30:00-05:00,94,"0.97 x 200","1.01 x 513",0.97,200,bid,19400,1462,48070,85.86%,0.29967115846664,AUTO,N/A,"10:09:31 ET",M
NOK,13.895,Call,17,2026-08-21T16:30:00-05:00,66,"0.99 x 73","1.02 x 72",1.02,187,ask,19000,843,7532,84.67%,0.35652822757262,AUTO,N/A,"12:26:05 ET",M
NOK,14.01,Call,14,2026-06-18T16:30:00-05:00,2,"0.40 x 119","0.44 x 510",0.42,453,mid,19000,5456,75419,98.91%,0.51927452663629,SLAN,N/A,"11:09:22 ET",M
NOK,13.96,Call,16,2026-07-17T16:30:00-05:00,31,"0.61 x 50","0.63 x 80",0.61,300,bid,18300,2266,36900,80.09%,0.3233809978145,SLAN,N/A,"10:53:55 ET",M
NOK,14.65,Call,15.5,2026-07-02T16:30:00-05:00,16,"0.55 x 357","0.62 x 47",0.59,300,mid,17700,402,1307,78.86%,0.40044961422729,SLAN,N/A,"09:50:03 ET",W
NOK,13.935,Call,14,2026-06-18T16:30:00-05:00,2,"0.37 x 120","0.38 x 465",0.38,465,ask,17600,3287,75419,99.61%,0.49030467116835,AUTO,N/A,"11:04:05 ET",M
NOK,14.135,Call,15,2026-07-17T16:30:00-05:00,31,"0.91 x 8","0.93 x 2",0.92,192,mid,17600,5929,82619,77.55%,0.44428874061104,AUTO,N/A,"10:38:58 ET",M
NOK,14.65,Call,15.5,2026-06-26T16:30:00-05:00,10,"0.42 x 200","0.44 x 30",0.44,400,ask,17600,1980,6314,81.62%,0.36518030483683,SLAN,N/A,"09:49:58 ET",W
NOK,14.165,Call,15,2026-07-02T16:30:00-05:00,16,"0.61 x 10","0.63 x 21",0.61,288,bid,17500,358,3153,79.32%,0.39932690430083,SLAN,N/A,"10:19:16 ET",W
NOK,14.11,Call,15,2026-07-17T16:30:00-05:00,31,"0.90 x 151","0.92 x 2",0.9,193,bid,17300,4582,82619,77.00%,0.44014565221587,AUTO,N/A,"10:24:15 ET",M
NOK,13.865,Call,14.5,2026-06-18T16:30:00-05:00,2,"0.17 x 112","0.18 x 10",0.17,1000,bid,17000,10726,6832,98.25%,0.28181014733549,SLAN,N/A,"11:46:20 ET",M
NOK,14.4775,Put,14.5,2026-06-18T16:30:00-05:00,2,"0.32 x 92","0.37 x 1154",0.33,511,mid,16800,555,25747,102.79%,-0.4923020853,AUTO,N/A,"09:30:53 ET",M
NOK,14.37,Call,16,2026-07-17T16:30:00-05:00,31,"0.77 x 4","0.80 x 10",0.77,216,bid,16600,970,36900,82.80%,0.37619695564327,SLAN,N/A,"09:36:06 ET",M
NOK,14.165,Call,20,2026-08-21T16:30:00-05:00,66,"0.61 x 3","0.66 x 169",0.65,253,mid,16400,1265,25133,89.40%,0.24033454844168,AUTO,N/A,"10:19:43 ET",M
NOK,13.955,Put,13,2026-06-26T16:30:00-05:00,10,"0.29 x 504","0.32 x 2",0.32,500,ask,16000,1801,6271,77.98%,-0.2679372604,SLFT,N/A,"15:09:32 ET",W
NOK,13.98,Call,15,2026-06-26T16:30:00-05:00,10,"0.35 x 497","0.38 x 400",0.38,400,ask,15200,9970,12569,82.60%,0.3293855656855,AUTO,N/A,"15:21:07 ET",W
NOK,13.875,Call,14,2026-06-18T16:30:00-05:00,2,"0.35 x 100","0.36 x 145",0.36,418,ask,15000,7238,75419,100.52%,0.46755555468579,AUTO,N/A,"11:39:57 ET",M
NOK,14.165,Put,14,2026-06-18T16:30:00-05:00,2,"0.28 x 158","0.30 x 499",0.3,499,ask,14900,4572,59780,92.05%,-0.4176329788,AUTO,N/A,"10:16:51 ET",M
NOK,13.98,Put,13,2026-06-26T16:30:00-05:00,10,"0.30 x 492","0.33 x 1",0.3,492,bid,14700,2314,6271,78.19%,-0.2638437267,AUTO,N/A,"15:21:07 ET",W
NOK,14.045,Put,14,2026-06-26T16:30:00-05:00,10,"0.70 x 25","0.71 x 196",0.71,204,ask,14400,1075,19993,78.59%,-0.4623348976,ISOI,N/A,"10:47:33 ET",W
NOK,14.045,Call,16,2026-07-10T16:30:00-05:00,24,"0.50 x 284","0.53 x 216",0.5,284,bid,14200,432,2323,79.24%,0.2975132766974,AUTO,N/A,"10:46:29 ET",W
NOK,14.075,Call,15.5,2026-06-26T16:30:00-05:00,10,"0.26 x 79","0.28 x 6",0.26,539,bid,14000,4871,6314,80.88%,0.25844805490406,SLAN,N/A,"15:27:05 ET",W
NOK,14.485,Put,13,2026-07-17T16:30:00-05:00,31,"0.53 x 564","0.59 x 88",0.56,250,mid,14000,1973,20313,74.21%,-0.2681544631,SLAN,N/A,"09:59:30 ET",M
NOK,13.755,Call,14.5,2026-06-18T16:30:00-05:00,2,"0.13 x 156","0.14 x 203",0.14,1000,ask,14000,14022,6832,96.37%,0.24140809762326,SLAN,N/A,"13:39:25 ET",M
NOK,14.3768,Call,20,2026-08-21T16:30:00-05:00,66,"0.67 x 9","0.71 x 53",0.7,200,mid,14000,915,25133,89.03%,0.25126373883875,AUTO,N/A,"10:09:24 ET",M
NOK,14.485,Put,13,2026-07-17T16:30:00-05:00,31,"0.53 x 564","0.59 x 88",0.55,250,mid,13700,1973,20313,74.21%,-0.2681544631,SLAN,N/A,"09:59:34 ET",M
NOK,13.9,Call,14,2026-06-26T16:30:00-05:00,10,"0.69 x 238","0.70 x 108",0.69,199,bid,13700,608,4990,80.87%,0.5074214145528,AUTO,N/A,"11:49:55 ET",W
NOK,14.045,Put,14,2026-06-18T16:30:00-05:00,2,"0.35 x 137","0.36 x 2",0.35,382,bid,13300,6310,59780,97.35%,-0.4671918137,AUTO,N/A,"10:30:43 ET",M
NOK,14.65,Call,15.5,2026-06-26T16:30:00-05:00,10,"0.42 x 200","0.44 x 34",0.42,300,bid,12600,1980,6314,81.62%,0.36518030483683,SLAN,N/A,"09:49:44 ET",W
NOK,14.015,Call,15.5,2026-06-26T16:30:00-05:00,10,"0.23 x 503","0.25 x 297",0.25,500,ask,12500,6010,6314,82.27%,0.25259179551138,ISOI,N/A,"15:55:59 ET",W
NOK,13.875,Call,15.5,2026-07-10T16:30:00-05:00,24,"0.54 x 912","0.58 x 219",0.54,228,bid,12300,501,1572,79.29%,0.33180547796945,AUTO,N/A,"13:54:37 ET",W
NOK,14.65,Call,15.5,2026-06-26T16:30:00-05:00,10,"0.43 x 285","0.44 x 14",0.43,285,bid,12200,1980,6314,81.62%,0.36518030483683,AUTO,N/A,"09:49:40 ET",W
NOK,13.9268,Call,16,2026-07-17T16:30:00-05:00,31,"0.58 x 37","0.61 x 309",0.6,200,mid,12000,2696,36900,79.10%,0.31660289344393,MLET,N/A,"10:58:17 ET",M
NOK,14.015,Call,14,2026-06-18T16:30:00-05:00,2,"0.39 x 67","0.40 x 2",0.39,300,bid,11700,28225,75419,94.66%,0.52088730724636,SLAN,N/A,"15:05:56 ET",M
NOK,14.0482,Call,15,2026-06-18T16:30:00-05:00,2,"0.10 x 221","0.11 x 213",0.11,959,ask,10500,17930,107088,101.32%,0.20194669758941,SLAN,N/A,"14:42:58 ET",M
NOK,14.485,Put,14,2026-06-18T16:30:00-05:00,2,"0.21 x 173","0.22 x 496",0.21,496,bid,10400,3294,59780,97.07%,-0.304378899,AUTO,N/A,"10:03:12 ET",M
NOK,13.951,Put,13.5,2026-06-26T16:30:00-05:00,10,"0.51 x 1","0.52 x 1",0.52,199,ask,10300,1027,3403,80.89%,-0.3755083349,SLAN,N/A,"11:28:56 ET",W
NOK,13.975,Call,16.5,2026-06-18T16:30:00-05:00,2,"0.01 x 57","0.02 x 62",0.01,10000,bid,10000,10685,10518,118.44%,0.032242942616118,MLFT,N/A,"14:53:54 ET",M
NOK,13.94,Call,17,2026-07-17T16:30:00-05:00,31,"0.43 x 37","0.44 x 1",0.43,230,bid,9800,1419,45565,82.88%,0.24455677963915,SLAN,N/A,"11:24:21 ET",M
NOK,14.02,Call,14,2026-06-18T16:30:00-05:00,2,"0.40 x 1","0.42 x 237",0.41,235,mid,9600,16546,75419,94.02%,0.52288266194461,AUTO,N/A,"14:35:13 ET",M
NOK,13.9268,Put,14,2026-06-18T16:30:00-05:00,2,"0.41 x 96","0.42 x 225",0.42,227,ask,9500,7999,59780,95.41%,-0.5148247386,AUTO,N/A,"10:57:10 ET",M
NOK,13.9672,Call,17,2026-07-17T16:30:00-05:00,31,"0.45 x 202","0.46 x 127",0.45,209,bid,9400,1802,45565,83.91%,0.2507084723756,AUTO,N/A,"11:36:19 ET",M
NOK,14.045,Call,14,2026-06-18T16:30:00-05:00,2,"0.47 x 93","0.47 x 36",0.47,200,ask,9400,1399,75419,99.30%,0.53282794877232,AUTO,N/A,"10:30:54 ET",M
NOK,14.6,Call,15,2026-06-18T16:30:00-05:00,2,"0.29 x 311","0.29 x 10",0.29,311,ask,9000,3697,107088,103.29%,0.37699156973063,AUTO,N/A,"09:56:15 ET",M
NOK,13.925,Call,30,2026-10-16T16:30:00-05:00,122,"0.39 x 2","0.42 x 200",0.42,200,ask,8400,821,9251,95.28%,0.13498100910492,AUTO,N/A,"11:57:22 ET",M
NOK,14.485,Call,15.5,2026-06-26T16:30:00-05:00,10,"0.42 x 200","0.45 x 1",0.42,200,bid,8400,2325,6314,81.35%,0.33347527904782,AUTO,N/A,"10:01:56 ET",W
NOK,13.9268,Call,17,2026-07-17T16:30:00-05:00,31,"0.42 x 43","0.43 x 181",0.42,200,bid,8400,1103,45565,81.95%,0.24001450551773,MLET,N/A,"10:58:17 ET",M
NOK,14.135,Call,15.5,2026-06-26T16:30:00-05:00,10,"0.30 x 274","0.31 x 178",0.3,274,bid,8200,3056,6314,82.07%,0.27241944935337,AUTO,N/A,"10:39:49 ET",W
NOK,14.3768,Call,15.5,2026-06-26T16:30:00-05:00,10,"0.38 x 208","0.39 x 53",0.38,208,bid,7900,2625,6314,81.35%,0.31347384019624,AUTO,N/A,"10:09:10 ET",W
NOK,14.44,Call,15.5,2026-06-26T16:30:00-05:00,10,"0.39 x 200","0.39 x 13",0.39,200,ask,7800,665,6314,83.65%,0.33095958039868,AUTO,N/A,"09:40:16 ET",W
NOK,14.485,Call,15.5,2026-06-18T16:30:00-05:00,2,"0.10 x 735","0.12 x 186",0.1,735,bid,7300,3248,17605,105.46%,0.20420082373881,AUTO,N/A,"10:03:42 ET",M
NOK,14.04,Call,15,2026-06-18T16:30:00-05:00,2,"0.10 x 410","0.13 x 1",0.12,581,mid,6900,15471,107088,103.59%,0.20543003556332,SLAN,N/A,"14:31:45 ET",M
NOK,13.985,Call,15,2026-06-18T16:30:00-05:00,2,"0.10 x 118","0.11 x 503",0.1,691,bid,6900,21677,107088,98.48%,0.17807152646735,AUTO,N/A,"15:49:21 ET",M
NOK,14.44,Put,14,2026-06-18T16:30:00-05:00,2,"0.23 x 127","0.25 x 1",0.23,299,bid,6800,796,59780,101.23%,-0.3255314894,AUTO,N/A,"09:43:04 ET",M
NOK,13.865,Call,14.5,2026-06-18T16:30:00-05:00,2,"0.16 x 489","0.17 x 42",0.16,419,bid,6700,10726,6832,98.25%,0.28181014733549,AUTO,N/A,"11:46:57 ET",M
NOK,13.875,Call,14,2026-06-18T16:30:00-05:00,2,"0.35 x 48","0.36 x 40",0.36,185,ask,6600,7238,75419,100.52%,0.46755555468579,AUTO,N/A,"11:39:57 ET",M
NOK,13.97,Call,14.5,2026-06-18T16:30:00-05:00,2,"0.20 x 24","0.22 x 662",0.21,300,mid,6300,3916,6832,101.90%,0.32488267095732,SLAN,N/A,"11:06:15 ET",M
NOK,14.02,Call,14.5,2026-06-18T16:30:00-05:00,2,"0.20 x 37","0.22 x 67",0.22,237,ask,5200,15958,6832,94.85%,0.32911715051871,AUTO,N/A,"14:34:13 ET",M
"Downloaded from Barchart.com as of 06-17-2026 03:58am CDT"
